participant.id_in_session,participant.code,participant.label,participant._is_bot,participant._index_in_pages,participant._max_page_index,participant._current_app_name,participant._current_page_name,participant.time_started_utc,participant.visited,participant.mturk_worker_id,participant.mturk_assignment_id,participant.payoff,player.id_in_group,player.role,player.payoff,player.IRB,player.type,player.Q1,player.Q2,player.Q3,player.Q4,player.money_after_wage,player.firms_offer_accepted,player.worker_has_accepted_offer,player.wage_paid,player.transaction_number,player.wage,player.firms_worker_id,player.bid_number,player.number_of_offers_in_round,player.previous_wage,player.previous_bid_number,player.worker_selected_effort,player.worker_effort_level,player.firm_effort_level,player.binary_effort_level,player.effort_cost,player.ECU_payoff,player.ECU_payoff_total,player.accepted_highest_offer,player.bid_placement_of_accepted_offer,player.time_offered,player.time_bought,player.time_to_bought,player.time_to_effort,player.effort_start_time,player.auction_start_time,player.Instructions_Page_Number,player.wrong_string,player.previous_answers,player.worker_has_selected_effort,player.USD_payoff,player.USD_payoff_with_showup,player.First_Name,player.Last_Name,player.has_given_info,player.round_1_payoff,player.round_2_payoff,player.round_3_payoff,player.round_4_payoff,player.round_5_payoff,player.round_6_payoff,player.round_7_payoff,player.round_8_payoff,player.round_9_payoff,player.round_10_payoff,player.round_11_payoff,player.round_12_payoff,group.id_in_subsession,group.bid_number,group.transaction_number,group.highest_bid,group.wage_temp,group.bid_2,group.bid_3,group.bid_4,group.bid_5,group.bid_6,group.group_round_number,subsession.round_number,session.code,session.label,session.mturk_HITId,session.mturk_HITGroupId,session.comment,session.is_demo
1,anhaf2fl,,0,156,156,Gift_Exchange_Baseline,Experiment_End,15:26.9,1,,,356,1,Worker,0,1,0,0,12,30,64,,1,0,0,3,45,9,1,1,,-185,0,0,0,,0,,0,0,,6.961285591125488,29.84922766685486,22.88794207572937,,1756834748,1756834687.5232618,1,,,0,0,,,,0,0,0,0,0,0,0,0,0,0,0,0,0,1,4,4,0,,0,0,0,0,0,0,1,nlzi66vh,,,,,0
2,d2p4krra,,0,156,156,Gift_Exchange_Baseline,Experiment_End,15:27.0,1,,,347,2,Firm,0,1,0,0,12,30,64,,1,0,0,1,55,5,3,1,,-185,0,0,0,,0,,0,0,,17.394635438919067,23.514548540115356,6.119913101196289,,1756834747.716988,1756834687.5938308,1,,,0,0,,,,0,0,0,0,0,0,0,0,0,0,0,0,0,1,4,4,0,,0,0,0,0,0,0,1,nlzi66vh,,,,,0
3,dja4bowz,,0,156,156,Gift_Exchange_Baseline,Experiment_End,15:27.0,1,,,315,3,,0,1,0,0,12,30,64,,1,0,0,4,60,6,4,1,,-185,0,0,0,,0,,0,0,,37.94145631790161,39.563496589660645,1.6220402717590332,,1756834747.929388,1756834687.7582195,1,,,0,0,,,,0,0,0,0,0,0,0,0,0,0,0,0,0,1,4,4,0,,0,0,0,0,0,0,1,nlzi66vh,,,,,0
4,iup4sed3,,0,156,156,Gift_Exchange_Baseline,Experiment_End,15:27.0,1,,,300,4,,0,1,0,0,12,30,64,,1,0,0,2,50,8,2,1,,-185,0,0,0,,0,,0,0,,10.780502557754517,26.34622859954834,15.565726041793823,,1756834747.8645663,1756834687.7091217,1,,,0,0,,,,0,0,0,0,0,0,0,0,0,0,0,0,0,1,4,4,0,,0,0,0,0,0,0,1,nlzi66vh,,,,,0
5,wnxhlvv3,,0,156,156,Gift_Exchange_Baseline,Experiment_End,15:27.0,1,,,73,5,,0,1,1,0,12,30,64,,0,1,55,1,-1,0,-185,0,,,0,0,0,,0,,0,1,1,,,,,1756834747.7484279,1756834687.6070113,1,,,0,0,,,,0,0,0,0,0,0,0,0,0,0,0,0,0,1,4,4,0,,0,0,0,0,0,0,1,nlzi66vh,,,,,0
6,6oa0k6nh,,0,156,156,Gift_Exchange_Baseline,Experiment_End,15:27.3,1,,,153,6,,0,1,1,0,12,30,64,,0,1,60,4,-1,0,-185,0,,,0,0,0,,0,,0,1,1,,,,,1756834747.905624,1756834687.7451763,1,,,0,0,,,,0,0,0,0,0,0,0,0,0,0,0,0,0,1,4,4,0,,0,0,0,0,0,0,1,nlzi66vh,,,,,0
7,4ouz7rkz,,0,156,156,Gift_Exchange_Baseline,Experiment_End,15:27.3,1,,,79,7,,0,1,1,0,12,30,64,,0,0,0,0,-1,0,-185,0,,,0,0,0,,0,,0,0,,,,,,1756834747.7610228,1756834687.6187022,1,,,0,0,,,,0,0,0,0,0,0,0,0,0,0,0,0,0,1,4,4,0,,0,0,0,0,0,0,1,nlzi66vh,,,,,0
8,tfzt7kx8,,0,156,156,Gift_Exchange_Baseline,Experiment_End,15:27.3,1,,,162,8,,0,1,1,0,12,30,64,,0,1,50,2,-1,0,-185,0,,,0,0,0,,0,,0,1,1,,,,,1756834747.8099265,1756834688,1,,,0,0,,,,0,0,0,0,0,0,0,0,0,0,0,0,0,1,4,4,0,,0,0,0,0,0,0,1,nlzi66vh,,,,,0
9,mkp1i2vj,,0,156,156,Gift_Exchange_Baseline,Experiment_End,15:27.3,1,,,72,9,,0,1,1,0,12,30,64,,0,1,45,3,-1,0,-185,0,,,0,0,0,,0,,0,1,1,,,,,1756834747.852728,1756834687.6782522,1,,,0,0,,,,0,0,0,0,0,0,0,0,0,0,0,0,0,1,4,4,0,,0,0,0,0,0,0,1,nlzi66vh,,,,,0
10,2ra32lsz,,0,156,156,Gift_Exchange_Baseline,Experiment_End,15:27.4,1,,,127,10,,0,1,1,0,12,30,64,,0,0,0,0,-1,0,-185,0,,,0,0,0,,0,,0,0,,,,,,1756834747.965599,1756834687.8397427,1,,,0,0,,,,0,0,0,0,0,0,0,0,0,0,0,0,0,1,4,4,0,,0,0,0,0,0,0,1,nlzi66vh,,,,,0
1,anhaf2fl,,0,156,156,Gift_Exchange_Baseline,Experiment_End,15:26.9,1,,,356,1,Worker,18,0,0,,,,,,1,0,0,4,65,8,5,2,,1,0,0,0.3,Regular,0,18,18,0,,33.71039032936096,36.68921422958374,2.9788239002227783,,1756834843.1690474,1756834783.1148105,1,,,0,0.72,7.72,,,0,18,0,0,0,0,0,0,0,0,0,0,0,1,5,4,0,,0,0,0,0,0,1,2,nlzi66vh,,,,,0
2,d2p4krra,,0,156,156,Gift_Exchange_Baseline,Experiment_End,15:27.0,1,,,347,2,Firm,45,0,0,,,,,,1,0,0,2,70,9,3,1,,-185,0,0,0.8,Super,0,45,45,0,,21.14378858,23.31497359275818,2.171185017,,1756834843.262776,1756834783.146888,1,,,0,1.8,8.8,,,0,45,0,0,0,0,0,0,0,0,0,0,0,1,5,4,0,,0,0,0,0,0,1,2,nlzi66vh,,,,,0
3,dja4bowz,,0,156,156,Gift_Exchange_Baseline,Experiment_End,15:27.0,1,,,315,3,,15,0,0,,,,,,1,0,0,3,75,6,4,1,,-185,0,0,0.3,Regular,0,15,15,0,,31.214685440063477,31.614845275878906,0.4001598358154297,,1756834843.3565037,1756834783.1727314,1,,,0,0.6,7.6,,,0,15,0,0,0,0,0,0,0,0,0,0,0,1,5,4,0,,0,0,0,0,0,1,2,nlzi66vh,,,,,0
4,iup4sed3,,0,156,156,Gift_Exchange_Baseline,Experiment_End,15:27.0,1,,,300,4,,20,0,0,,,,,,1,0,0,1,60,10,2,1,,-185,0,0,0.3,Regular,0,20,20,0,,14.311724662780762,15.140817165374756,0.8290925025939941,,1756834843.2783978,1756834783.1598494,1,,,0,0.8,7.8,,,0,20,0,0,0,0,0,0,0,0,0,0,0,1,5,4,0,,0,0,0,0,0,1,2,nlzi66vh,,,,,0
5,wnxhlvv3,,0,156,156,Gift_Exchange_Baseline,Experiment_End,15:27.0,1,,,73,5,,0,0,1,,,,,,0,0,0,0,-1,0,-185,0,,,0,0,0,,0,0,0,0,,,,,,1756834843.3721247,1756834783.2290263,1,,,0,0,7,,,0,0,0,0,0,0,0,0,0,0,0,0,0,1,5,4,0,,0,0,0,0,0,1,2,nlzi66vh,,,,,0
6,6oa0k6nh,,0,156,156,Gift_Exchange_Baseline,Experiment_End,15:27.3,1,,,153,6,,47,0,1,,,,,,0,1,75,3,-1,0,-185,0,,,1,0.3,0,Regular,0,47,47,1,1,,,,2.797657012939453,1756834843.418989,1756834783.2568974,1,,,0,1.88,8.88,,,0,47,0,0,0,0,0,0,0,0,0,0,0,1,5,4,0,,0,0,0,0,0,1,2,nlzi66vh,,,,,0
7,4ouz7rkz,,0,156,156,Gift_Exchange_Baseline,Experiment_End,15:27.3,1,,,79,7,,0,0,1,,,,,,0,0,0,0,-1,0,-185,0,,,0,0,0,,0,0,0,0,,,,,,1756834843.4346104,1756834783.279481,1,,,0,0,7,,,0,0,0,0,0,0,0,0,0,0,0,0,0,1,5,4,0,,0,0,0,0,0,1,2,nlzi66vh,,,,,0
8,tfzt7kx8,,0,156,156,Gift_Exchange_Baseline,Experiment_End,15:27.3,1,,,162,8,,37,0,1,,,,,,0,1,65,4,-1,0,-185,0,,,1,0.3,0,Regular,0,37,37,1,1,,,,14.356711626052856,1756834843.4502323,1756834783.2918801,1,,,0,1.48,8.48,,,0,37,0,0,0,0,0,0,0,0,0,0,0,1,5,4,0,,0,0,0,0,0,1,2,nlzi66vh,,,,,0
9,mkp1i2vj,,0,156,156,Gift_Exchange_Baseline,Experiment_End,15:27.3,1,,,72,9,,32,0,1,,,,,,0,1,70,2,-1,0,-185,0,,,1,0.8,0,Super,0,32,32,1,1,,,,9.507522821426392,1756834843.4814737,1756834783.3226092,1,,,0,1.28,8.28,,,0,32,0,0,0,0,0,0,0,0,0,0,0,1,5,4,0,,0,0,0,0,0,1,2,nlzi66vh,,,,,0
10,2ra32lsz,,0,156,156,Gift_Exchange_Baseline,Experiment_End,15:27.4,1,,,127,10,,32,0,1,,,,,,0,1,60,1,-1,0,-185,0,,,1,0.3,0,Regular,0,32,32,1,1,,,,7.206287384033203,1756834842.981593,1756834782.904129,1,,,0,1.28,8.28,,,0,32,0,0,0,0,0,0,0,0,0,0,0,1,5,4,0,,0,0,0,0,0,1,2,nlzi66vh,,,,,0
1,anhaf2fl,,0,156,156,Gift_Exchange_Baseline,Experiment_End,15:26.9,1,,,356,1,Worker,26,0,0,,,,,,1,0,0,3,40,10,2,1,,-185,0,0,0.3,Regular,0,26,44,0,,10.509215354919434,25.987700939178467,15.478485584259033,,1756834948.2436283,1756834888.0926929,1,,,0,1.76,8.76,,,0,18,26,0,0,0,0,0,0,0,0,0,0,1,5,4,0,,0,0,0,0,0,2,3,nlzi66vh,,,,,0
2,d2p4krra,,0,156,156,Gift_Exchange_Baseline,Experiment_End,15:27.0,1,,,347,2,Firm,23,0,0,,,,,,1,0,0,2,50,9,3,1,,-185,0,0,0.3,Regular,0,23,68,0,,14.096962928771973,20.00822687149048,5.911263942718506,,1756834948,1756834887.9420261,1,,,0,2.72,9.72,,,0,45,23,0,0,0,0,0,0,0,0,0,0,1,5,4,0,,0,0,0,0,0,2,3,nlzi66vh,,,,,0
3,dja4bowz,,0,156,156,Gift_Exchange_Baseline,Experiment_End,15:27.0,1,,,315,3,,23,0,0,,,,,,1,0,0,4,50,5,5,2,,1,0,0,0.3,Regular,0,23,38,0,,24.96889877319336,26.38477588,1.415877103805542,,1756834948.2748718,1756834888.1325586,1,,,0,1.52,8.52,,,0,15,23,0,0,0,0,0,0,0,0,0,0,1,5,4,0,,0,0,0,0,0,2,3,nlzi66vh,,,,,0
4,iup4sed3,,0,156,156,Gift_Exchange_Baseline,Experiment_End,15:27.0,1,,,300,4,,20,0,0,,,,,,1,0,0,1,60,8,4,1,,-185,0,0,0.3,Regular,0,20,40,0,,17.366766452789307,17.693134784698486,0.3263683319091797,,1756834948.1030366,1756834888.0165603,1,,,0,1.6,8.6,,,0,20,20,0,0,0,0,0,0,0,0,0,0,1,5,4,0,,0,0,0,0,0,2,3,nlzi66vh,,,,,0
5,wnxhlvv3,,0,156,156,Gift_Exchange_Baseline,Experiment_End,15:27.0,1,,,73,5,,22,0,1,,,,,,0,1,50,4,-1,0,-185,0,,,1,0.3,0,Regular,0,22,22,1,1,,,,3.1410977840423584,1756834948.3061132,1756834888.1554363,1,,,0,0.88,7.88,,,0,0,22,0,0,0,0,0,0,0,0,0,0,1,5,4,0,,0,0,0,0,0,2,3,nlzi66vh,,,,,0
6,6oa0k6nh,,0,156,156,Gift_Exchange_Baseline,Experiment_End,15:27.3,1,,,153,6,,0,0,1,,,,,,0,0,0,0,-1,0,-185,0,,,0,0,0,,0,0,47,0,,,,,,1756834948.0717936,1756834887.9807584,1,,,0,1.88,8.88,,,0,47,0,0,0,0,0,0,0,0,0,0,0,1,5,4,0,,0,0,0,0,0,2,3,nlzi66vh,,,,,0
7,4ouz7rkz,,0,156,156,Gift_Exchange_Baseline,Experiment_End,15:27.3,1,,,79,7,,0,0,1,,,,,,0,0,0,0,-1,0,-185,0,,,0,0,0,,0,0,0,0,,,,,,1756834948.1499004,1756834888.026534,1,,,0,0,7,,,0,0,0,0,0,0,0,0,0,0,0,0,0,1,5,4,0,,0,0,0,0,0,2,3,nlzi66vh,,,,,0
8,tfzt7kx8,,0,156,156,Gift_Exchange_Baseline,Experiment_End,15:27.3,1,,,162,8,,32,0,1,,,,,,0,1,60,1,-1,0,-185,0,,,1,0.3,0,Regular,0,32,69,1,1,,,,6.921451568603516,1756834948.212385,1756834888.0807247,1,,,0,2.76,9.76,,,0,37,32,0,0,0,0,0,0,0,0,0,0,1,5,4,0,,0,0,0,0,0,2,3,nlzi66vh,,,,,0
9,mkp1i2vj,,0,156,156,Gift_Exchange_Baseline,Experiment_End,15:27.3,1,,,72,9,,22,0,1,,,,,,0,1,50,2,-1,0,-185,0,,,1,0.3,0,Regular,0,22,54,1,1,,,,17.41042971611023,1756834948.0405536,1756834887.9686537,1,,,0,2.16,9.16,,,0,32,22,0,0,0,0,0,0,0,0,0,0,1,5,4,0,,0,0,0,0,0,2,3,nlzi66vh,,,,,0
10,2ra32lsz,,0,156,156,Gift_Exchange_Baseline,Experiment_End,15:27.4,1,,,127,10,,12,0,1,,,,,,0,1,40,3,-1,0,-185,0,,,1,0.3,0,Regular,0,12,44,0,2,,,,4.250208854675293,1756834948.1967642,1756834888.067861,1,,,0,1.76,8.76,,,0,32,12,0,0,0,0,0,0,0,0,0,0,1,5,4,0,,0,0,0,0,0,2,3,nlzi66vh,,,,,0
1,anhaf2fl,,0,156,156,Gift_Exchange_Baseline,Experiment_End,15:26.9,1,,,356,1,Worker,26,0,0,,,,,,1,0,0,1,40,6,2,1,,-185,0,0,0.3,Regular,0,26,70,0,,3.744704008102417,4.149759292602539,0.40505528450012207,,1756835053.322401,1756834993.214211,1,,,0,2.8,9.8,,,0,18,26,26,0,0,0,0,0,0,0,0,0,1,5,4,0,,0,0,0,0,0,3,4,nlzi66vh,,,,,0
2,d2p4krra,,0,156,156,Gift_Exchange_Baseline,Experiment_End,15:27.0,1,,,347,2,Firm,57,0,0,,,,,,1,0,0,2,55,7,3,1,,-185,0,0,0.8,Super,0,57,125,0,,9.055821180343628,10.451662063598633,1.3958408832550049,,1756835053.259916,1756834993.1737704,1,,,0,5,12,,,0,45,23,57,0,0,0,0,0,0,0,0,0,1,5,4,0,,0,0,0,0,0,3,4,nlzi66vh,,,,,0
3,dja4bowz,,0,156,156,Gift_Exchange_Baseline,Experiment_End,15:27.0,1,,,315,3,,26,0,0,,,,,,1,0,0,4,40,5,5,2,,1,0,0,0.3,Regular,0,26,64,0,,14.164243221282959,17.307310819625854,3.1430675983428955,,1756835053.3692653,1756834993.264821,1,,,0,2.56,9.56,,,0,15,23,26,0,0,0,0,0,0,0,0,0,1,5,4,0,,0,0,0,0,0,3,4,nlzi66vh,,,,,0
4,iup4sed3,,0,156,156,Gift_Exchange_Baseline,Experiment_End,15:27.0,1,,,300,4,,18,0,0,,,,,,1,0,0,3,65,10,4,1,,-185,0,0,0.3,Regular,0,18,58,0,,11.138557434082031,13.236377477645874,2.0978200435638428,,1756835053.197431,1756834993.1381152,1,,,0,2.32,9.32,,,0,20,20,18,0,0,0,0,0,0,0,0,0,1,5,4,0,,0,0,0,0,0,3,4,nlzi66vh,,,,,0
5,wnxhlvv3,,0,156,156,Gift_Exchange_Baseline,Experiment_End,15:27.0,1,,,73,5,,12,0,1,,,,,,0,1,40,4,-1,0,-185,0,,,1,0.3,0,Regular,0,12,34,1,1,,,,4.875113487243652,1756835053.1193247,1756834993.049946,1,,,0,1.36,8.36,,,0,0,22,12,0,0,0,0,0,0,0,0,0,1,5,4,0,,0,0,0,0,0,3,4,nlzi66vh,,,,,0
6,6oa0k6nh,,0,156,156,Gift_Exchange_Baseline,Experiment_End,15:27.3,1,,,153,6,,12,0,1,,,,,,0,1,40,1,-1,0,-185,0,,,1,0.3,0,Regular,0,12,59,1,1,,,,2.2503137588500977,1756835053.3380222,1756834993.225184,1,,,0,2.36,9.36,,,0,47,0,12,0,0,0,0,0,0,0,0,0,1,5,4,0,,0,0,0,0,0,3,4,nlzi66vh,,,,,0
7,4ouz7rkz,,0,156,156,Gift_Exchange_Baseline,Experiment_End,15:27.3,1,,,79,7,,17,0,1,,,,,,0,1,55,2,-1,0,-185,0,,,1,0.8,0,Super,0,17,17,1,1,,,,29.530866146087646,1756835053.166188,1756834993.0925777,1,,,0,0.68,7.68,,,0,0,0,17,0,0,0,0,0,0,0,0,0,1,5,4,0,,0,0,0,0,0,3,4,nlzi66vh,,,,,0
8,tfzt7kx8,,0,156,156,Gift_Exchange_Baseline,Experiment_End,15:27.3,1,,,162,8,,0,0,1,,,,,,0,0,0,0,-1,0,-185,0,,,0,0,0,,0,0,69,0,,,,,,1756835053.041217,1756834992.9854045,1,,,0,2.76,9.76,,,0,37,32,0,0,0,0,0,0,0,0,0,0,1,5,4,0,,0,0,0,0,0,3,4,nlzi66vh,,,,,0
9,mkp1i2vj,,0,156,156,Gift_Exchange_Baseline,Experiment_End,15:27.3,1,,,72,9,,0,0,1,,,,,,0,0,0,0,-1,0,-185,0,,,0,0,0,,0,0,54,0,,,,,,1756835053.2442966,1756834993.1637983,1,,,0,2.16,9.16,,,0,32,22,0,0,0,0,0,0,0,0,0,0,1,5,4,0,,0,0,0,0,0,3,4,nlzi66vh,,,,,0
10,2ra32lsz,,0,156,156,Gift_Exchange_Baseline,Experiment_End,15:27.4,1,,,127,10,,37,0,1,,,,,,0,1,65,3,-1,0,-185,0,,,1,0.3,0,Regular,0,37,81,1,1,,,,6.047100544,1756835053.0724614,1756834993.0230646,1,,,0,3.24,10.24,,,0,32,12,37,0,0,0,0,0,0,0,0,0,1,5,4,0,,0,0,0,0,0,3,4,nlzi66vh,,,,,0
1,anhaf2fl,,0,156,156,Gift_Exchange_Baseline,Experiment_End,15:26.9,1,,,356,1,Worker,20,0,0,,,,,,1,0,0,1,60,10,2,1,,-185,0,0,0.3,Regular,0,20,90,0,,3.0829482078552246,3.803497552871704,0.7205493450164795,,1756835169.7503512,1756835109.6852002,1,,,0,3.6,10.6,,,0,18,26,26,20,0,0,0,0,0,0,0,0,1,4,4,0,,0,0,0,0,0,4,5,nlzi66vh,,,,,0
2,d2p4krra,,0,156,156,Gift_Exchange_Baseline,Experiment_End,15:27.0,1,,,347,2,Firm,17,0,0,,,,,,1,0,0,2,70,6,3,1,,-185,0,0,0.3,Regular,0,17,142,0,,3.4673497676849365,3.798353910446167,0.33100414276123047,,1756835169.8440793,1756835109.7321692,1,,,0,5.68,12.68,,,0,45,23,57,17,0,0,0,0,0,0,0,0,1,4,4,0,,0,0,0,0,0,4,5,nlzi66vh,,,,,0
3,dja4bowz,,0,156,156,Gift_Exchange_Baseline,Experiment_End,15:27.0,1,,,315,3,,23,0,0,,,,,,1,0,0,4,50,5,4,1,,-185,0,0,0.3,Regular,0,23,87,0,,7.668388128,8.128321886062622,0.4599337577819824,,1756835169.7972152,1756835109.7109962,1,,,0,3.48,10.48,,,0,15,23,26,23,0,0,0,0,0,0,0,0,1,4,4,0,,0,0,0,0,0,4,5,nlzi66vh,,,,,0
4,iup4sed3,,0,156,156,Gift_Exchange_Baseline,Experiment_End,15:27.0,1,,,300,4,,21,0,0,,,,,,1,0,0,3,55,8,1,1,,-185,0,0,0.3,Regular,0,21,79,0,,2.5918869972229004,4.928144216537476,2.336257219314575,,1756835169.9846706,1756835109.8057094,1,,,0,3.16,10.16,,,0,20,20,18,21,0,0,0,0,0,0,0,0,1,4,4,0,,0,0,0,0,0,4,5,nlzi66vh,,,,,0
5,wnxhlvv3,,0,156,156,Gift_Exchange_Baseline,Experiment_End,15:27.0,1,,,73,5,,22,0,1,,,,,,0,1,50,4,-1,0,-185,0,,,1,0.3,0,Regular,0,22,56,1,1,,,,4.296974182128906,1756835170.000293,1756835109.829049,1,,,0,2.24,9.24,,,0,0,22,12,22,0,0,0,0,0,0,0,0,1,4,4,0,,0,0,0,0,0,4,5,nlzi66vh,,,,,0
6,6oa0k6nh,,0,156,156,Gift_Exchange_Baseline,Experiment_End,15:27.3,1,,,153,6,,42,0,1,,,,,,0,1,70,2,-1,0,-185,0,,,1,0.3,0,Regular,0,42,101,1,1,,,,2.594250440597534,1756835170.015914,1756835109.8412418,1,,,0,4.04,11.04,,,0,47,0,12,42,0,0,0,0,0,0,0,0,1,4,4,0,,0,0,0,0,0,4,5,nlzi66vh,,,,,0
7,4ouz7rkz,,0,156,156,Gift_Exchange_Baseline,Experiment_End,15:27.3,1,,,79,7,,0,0,1,,,,,,0,0,0,0,-1,0,-185,0,,,0,0,0,,0,0,17,0,,,,,,1756835169.9690502,1756835109.8185692,1,,,0,0.68,7.68,,,0,0,0,17,0,0,0,0,0,0,0,0,0,1,4,4,0,,0,0,0,0,0,4,5,nlzi66vh,,,,,0
8,tfzt7kx8,,0,156,156,Gift_Exchange_Baseline,Experiment_End,15:27.3,1,,,162,8,,27,0,1,,,,,,0,1,55,3,-1,0,-185,0,,,1,0.3,0,Regular,0,27,96,1,1,,,,3.1566216945648193,1756835169.9378076,1756835109.795247,1,,,0,3.84,10.84,,,0,37,32,0,27,0,0,0,0,0,0,0,0,1,4,4,0,,0,0,0,0,0,4,5,nlzi66vh,,,,,0
9,mkp1i2vj,,0,156,156,Gift_Exchange_Baseline,Experiment_End,15:27.3,1,,,72,9,,0,0,1,,,,,,0,0,0,0,-1,0,-185,0,,,0,0,0,,0,0,54,0,,,,,,1756835169.9065647,1756835109.7828107,1,,,0,2.16,9.16,,,0,32,22,0,0,0,0,0,0,0,0,0,0,1,4,4,0,,0,0,0,0,0,4,5,nlzi66vh,,,,,0
10,2ra32lsz,,0,156,156,Gift_Exchange_Baseline,Experiment_End,15:27.4,1,,,127,10,,32,0,1,,,,,,0,1,60,1,-1,0,-185,0,,,1,0.3,0,Regular,0,32,113,0,2,,,,5.06282115,1756835169.8128378,1756835109.721289,1,,,0,4.52,11.52,,,0,32,12,37,32,0,0,0,0,0,0,0,0,1,4,4,0,,0,0,0,0,0,4,5,nlzi66vh,,,,,0
1,anhaf2fl,,0,156,156,Gift_Exchange_Baseline,Experiment_End,15:26.9,1,,,356,1,Worker,27,0,0,,,,,,1,0,0,4,35,8,4,1,,-185,0,0,0.3,Regular,0,27,117,0,,11.411375284194946,11.84454345703125,0.4331681728363037,,1756835262.2720213,1756835202.1263957,1,,,0,4.68,11.68,,,0,18,26,26,20,27,0,0,0,0,0,0,0,1,4,4,0,,0,0,0,0,0,5,6,nlzi66vh,,,,,0
2,d2p4krra,,0,156,156,Gift_Exchange_Baseline,Experiment_End,15:27.0,1,,,347,2,Firm,23,0,0,,,,,,1,0,0,1,50,7,1,1,,-185,0,0,0.3,Regular,0,23,165,0,,1.8096137046813965,3.2914254665374756,1.481811761856079,,1756835262.2251573,1756835202.1107748,1,,,0,6.6,13.6,,,0,45,23,57,17,23,0,0,0,0,0,0,0,1,4,4,0,,0,0,0,0,0,5,6,nlzi66vh,,,,,0
3,dja4bowz,,0,156,156,Gift_Exchange_Baseline,Experiment_End,15:27.0,1,,,315,3,,27,0,0,,,,,,1,0,0,3,35,5,3,1,,-185,0,0,0.3,Regular,0,27,114,0,,9.504264116287231,9.727889538,0.22362542152404785,,1756835262.209536,1756835202.1107748,1,,,0,4.56,11.56,,,0,15,23,26,23,27,0,0,0,0,0,0,0,1,4,4,0,,0,0,0,0,0,5,6,nlzi66vh,,,,,0
4,iup4sed3,,0,156,156,Gift_Exchange_Baseline,Experiment_End,15:27.0,1,,,300,4,,23,0,0,,,,,,1,0,0,2,50,6,2,1,,-185,0,0,0.3,Regular,0,23,102,0,,5.414252519607544,5.642241716384888,0.22798919677734375,,1756835262.1626718,1756835202.0639107,1,,,0,4.08,11.08,,,0,20,20,18,21,23,0,0,0,0,0,0,0,1,4,4,0,,0,0,0,0,0,5,6,nlzi66vh,,,,,0
5,wnxhlvv3,,0,156,156,Gift_Exchange_Baseline,Experiment_End,15:27.0,1,,,73,5,,7,0,1,,,,,,0,1,35,3,-1,0,-185,0,,,1,0.3,0,Regular,0,7,63,1,1,,,,4.344131946563721,1756835262.3501282,1756835202.188881,1,,,0,2.52,9.52,,,0,0,22,12,22,7,0,0,0,0,0,0,0,1,4,4,0,,0,0,0,0,0,5,6,nlzi66vh,,,,,0
6,6oa0k6nh,,0,156,156,Gift_Exchange_Baseline,Experiment_End,15:27.3,1,,,153,6,,22,0,1,,,,,,0,1,50,2,-1,0,-185,0,,,1,0.3,0,Regular,0,22,123,1,1,,,,4.062538385391235,1756835262.3657484,1756835202.2201233,1,,,0,4.92,11.92,,,0,47,0,12,42,22,0,0,0,0,0,0,0,1,4,4,0,,0,0,0,0,0,5,6,nlzi66vh,,,,,0
7,4ouz7rkz,,0,156,156,Gift_Exchange_Baseline,Experiment_End,15:27.3,1,,,79,7,,22,0,1,,,,,,0,1,50,1,-1,0,-185,0,,,1,0.3,0,Regular,0,22,39,1,1,,,,3.875082492828369,1756835262.1626718,1756835202.0639107,1,,,0,1.56,8.56,,,0,0,0,17,0,22,0,0,0,0,0,0,0,1,4,4,0,,0,0,0,0,0,5,6,nlzi66vh,,,,,0
8,tfzt7kx8,,0,156,156,Gift_Exchange_Baseline,Experiment_End,15:27.3,1,,,162,8,,7,0,1,,,,,,0,1,35,4,-1,0,-185,0,,,1,0.3,0,Regular,0,7,103,1,1,,,,1.9999167919158936,1756835262.303264,1756835202.1420171,1,,,0,4.12,11.12,,,0,37,32,0,27,7,0,0,0,0,0,0,0,1,4,4,0,,0,0,0,0,0,5,6,nlzi66vh,,,,,0
9,mkp1i2vj,,0,156,156,Gift_Exchange_Baseline,Experiment_End,15:27.3,1,,,72,9,,0,0,1,,,,,,0,0,0,0,-1,0,-185,0,,,0,0,0,,0,0,54,0,,,,,,1756835262.1158073,1756835202.032667,1,,,0,2.16,9.16,,,0,32,22,0,0,0,0,0,0,0,0,0,0,1,4,4,0,,0,0,0,0,0,5,6,nlzi66vh,,,,,0
10,2ra32lsz,,0,156,156,Gift_Exchange_Baseline,Experiment_End,15:27.4,1,,,127,10,,0,0,1,,,,,,0,0,0,0,-1,0,-185,0,,,0,0,0,,0,0,113,0,,,,,,1756835262.334506,1756835202,1,,,0,4.52,11.52,,,0,32,12,37,32,0,0,0,0,0,0,0,0,1,4,4,0,,0,0,0,0,0,5,6,nlzi66vh,,,,,0
1,anhaf2fl,,0,156,156,Gift_Exchange_Baseline,Experiment_End,15:26.9,1,,,356,1,Worker,29,0,0,,,,,,1,0,0,3,30,5,3,1,,-185,0,0,0.3,Regular,0,29,146,0,,18.236129760742188,18.595421314239502,0.35929155349731445,,1756835354.2174237,1756835294.0366738,1,,,0,5.84,12.84,,,0,18,26,26,20,27,29,0,0,0,0,0,0,1,4,4,0,,0,0,0,0,0,6,7,nlzi66vh,,,,,0
2,d2p4krra,,0,156,156,Gift_Exchange_Baseline,Experiment_End,15:27.0,1,,,347,2,Firm,24,0,0,,,,,,1,0,0,1,45,6,2,1,,-185,0,0,0.3,Regular,0,24,189,0,,12.32848572731018,12.595255613327026,0.2667698860168457,,1756835354.0329728,1756835293.9585667,1,,,0,7.56,14.56,,,0,45,23,57,17,23,24,0,0,0,0,0,0,1,4,4,0,,0,0,0,0,0,6,7,nlzi66vh,,,,,0
3,dja4bowz,,0,156,156,Gift_Exchange_Baseline,Experiment_End,15:27.0,1,,,315,3,,27,0,0,,,,,,1,0,0,4,35,8,4,1,,-185,0,0,0.3,Regular,0,27,141,0,,19.18903112411499,20.59494686126709,1.4059157371520996,,1756835354.0502577,1756835293.9429445,1,,,0,5.64,12.64,,,0,15,23,26,23,27,27,0,0,0,0,0,0,1,4,4,0,,0,0,0,0,0,6,7,nlzi66vh,,,,,0
4,iup4sed3,,0,156,156,Gift_Exchange_Baseline,Experiment_End,15:27.0,1,,,300,4,,26,0,0,,,,,,1,0,0,2,40,9,1,1,,-185,0,0,0.3,Regular,0,26,128,0,,2.281193494796753,15.73552393913269,13.454330444335938,,1756835354.1995904,1756835294.021052,1,,,0,5.12,12.12,,,0,20,20,18,21,23,26,0,0,0,0,0,0,1,4,4,0,,0,0,0,0,0,6,7,nlzi66vh,,,,,0
5,wnxhlvv3,,0,156,156,Gift_Exchange_Baseline,Experiment_End,15:27.0,1,,,73,5,,2,0,1,,,,,,0,1,30,3,-1,0,-185,0,,,1,0.3,0,Regular,0,2,65,1,1,,,,2.9667036533355713,1756835354.2362819,1756835294.067916,1,,,0,2.6,9.6,,,0,0,22,12,22,7,2,0,0,0,0,0,0,1,4,4,0,,0,0,0,0,0,6,7,nlzi66vh,,,,,0
6,6oa0k6nh,,0,156,156,Gift_Exchange_Baseline,Experiment_End,15:27.3,1,,,153,6,,17,0,1,,,,,,0,1,45,1,-1,0,-185,0,,,1,0.3,0,Regular,0,17,140,1,1,,,,4.807875394821167,1756835354.3146348,1756835294.099158,1,,,0,5.6,12.6,,,0,47,0,12,42,22,17,0,0,0,0,0,0,1,4,4,0,,0,0,0,0,0,6,7,nlzi66vh,,,,,0
7,4ouz7rkz,,0,156,156,Gift_Exchange_Baseline,Experiment_End,15:27.3,1,,,79,7,,0,0,1,,,,,,0,0,0,0,-1,0,-185,0,,,0,0,0,,0,0,39,0,,,,,,1756835354.2838645,1756835294.099158,1,,,0,1.56,8.56,,,0,0,0,17,0,22,0,0,0,0,0,0,0,1,4,4,0,,0,0,0,0,0,6,7,nlzi66vh,,,,,0
8,tfzt7kx8,,0,156,156,Gift_Exchange_Baseline,Experiment_End,15:27.3,1,,,162,8,,7,0,1,,,,,,0,1,35,4,-1,0,-185,0,,,1,0.3,0,Regular,0,7,110,1,1,,,,2.431065082550049,1756835354.3554597,1756835294.1304007,1,,,0,4.4,11.4,,,0,37,32,0,27,7,7,0,0,0,0,0,0,1,4,4,0,,0,0,0,0,0,6,7,nlzi66vh,,,,,0
9,mkp1i2vj,,0,156,156,Gift_Exchange_Baseline,Experiment_End,15:27.3,1,,,72,9,,12,0,1,,,,,,0,1,40,2,-1,0,-185,0,,,1,0.3,0,Regular,0,12,66,1,1,,,,7.445958852767944,1756835354.1797125,1756835293.989809,1,,,0,2.64,9.64,,,0,32,22,0,0,0,12,0,0,0,0,0,0,1,4,4,0,,0,0,0,0,0,6,7,nlzi66vh,,,,,0
10,2ra32lsz,,0,156,156,Gift_Exchange_Baseline,Experiment_End,15:27.4,1,,,127,10,,0,0,1,,,,,,0,0,0,0,-1,0,-185,0,,,0,0,0,,0,0,113,0,,,,,,1756835354.126163,1756835293.989809,1,,,0,4.52,11.52,,,0,32,12,37,32,0,0,0,0,0,0,0,0,1,4,4,0,,0,0,0,0,0,6,7,nlzi66vh,,,,,0
1,anhaf2fl,,0,156,156,Gift_Exchange_Baseline,Experiment_End,15:26.9,1,,,356,1,Worker,29,0,0,,,,,,1,0,0,4,30,8,4,1,,-185,0,0,0.3,Regular,0,29,175,0,,9.111151933670044,9.486853122711182,0.3757011890411377,,1756835448.8361719,1756835388.7144074,1,,,0,7,14,,,0,18,26,26,20,27,29,29,0,0,0,0,0,1,4,4,0,,0,0,0,0,0,7,8,nlzi66vh,,,,,0
2,d2p4krra,,0,156,156,Gift_Exchange_Baseline,Experiment_End,15:27.0,1,,,347,2,Firm,29,0,0,,,,,,1,0,0,2,30,6,2,1,,-185,0,0,0.3,Regular,0,29,218,0,,3.974592685699463,4.252755165100098,0.27816247940063477,,1756835448.711202,1756835388.6364274,1,,,0,8.72,15.72,,,0,45,23,57,17,23,24,29,0,0,0,0,0,1,4,4,0,,0,0,0,0,0,7,8,nlzi66vh,,,,,0
3,dja4bowz,,0,156,156,Gift_Exchange_Baseline,Experiment_End,15:27.0,1,,,315,3,,29,0,0,,,,,,1,0,0,3,30,9,3,1,,-185,0,0,0.3,Regular,0,29,170,0,,5.209630966186523,6.416623830795288,1.2069928646087646,,1756835448.7893078,1756835388.6789136,1,,,0,6.8,13.8,,,0,15,23,26,23,27,27,29,0,0,0,0,0,1,4,4,0,,0,0,0,0,0,7,8,nlzi66vh,,,,,0
4,iup4sed3,,0,156,156,Gift_Exchange_Baseline,Experiment_End,15:27.0,1,,,300,4,,27,0,0,,,,,,1,0,0,1,35,10,1,1,,-185,0,0,0.3,Regular,0,27,155,0,,2.578122615814209,2.8985345363616943,0.32041192054748535,,1756835448.8986576,1756835388.7492316,1,,,0,6.2,13.2,,,0,20,20,18,21,23,26,27,0,0,0,0,0,1,4,4,0,,0,0,0,0,0,7,8,nlzi66vh,,,,,0
5,wnxhlvv3,,0,156,156,Gift_Exchange_Baseline,Experiment_End,15:27.0,1,,,73,5,,0,0,1,,,,,,0,0,0,0,-1,0,-185,0,,,0,0,0,,0,0,65,0,,,,,,1756835449.0236275,1756835388.8292413,1,,,0,2.6,9.6,,,0,0,22,12,22,7,2,0,0,0,0,0,0,1,4,4,0,,0,0,0,0,0,7,8,nlzi66vh,,,,,0
6,6oa0k6nh,,0,156,156,Gift_Exchange_Baseline,Experiment_End,15:27.3,1,,,153,6,,2,0,1,,,,,,0,1,30,2,-1,0,-185,0,,,1,0.3,0,Regular,0,2,142,1,1,,,,3.7346794605255127,1756835448.9767637,1756835388.8007321,1,,,0,5.68,12.68,,,0,47,0,12,42,22,17,2,0,0,0,0,0,1,4,4,0,,0,0,0,0,0,7,8,nlzi66vh,,,,,0
7,4ouz7rkz,,0,156,156,Gift_Exchange_Baseline,Experiment_End,15:27.3,1,,,79,7,,0,0,1,,,,,,0,0,0,0,-1,0,-185,0,,,0,0,0,,0,0,39,0,,,,,,1756835448.9455214,1756835388.7616587,1,,,0,1.56,8.56,,,0,0,0,17,0,22,0,0,0,0,0,0,0,1,4,4,0,,0,0,0,0,0,7,8,nlzi66vh,,,,,0
8,tfzt7kx8,,0,156,156,Gift_Exchange_Baseline,Experiment_End,15:27.3,1,,,162,8,,2,0,1,,,,,,0,1,30,4,-1,0,-185,0,,,1,0.3,0,Regular,0,2,112,1,1,,,,3.7502996921539307,1756835448.742445,1756835388.668829,1,,,0,4.48,11.48,,,0,37,32,0,27,7,7,2,0,0,0,0,0,1,4,4,0,,0,0,0,0,0,7,8,nlzi66vh,,,,,0
9,mkp1i2vj,,0,156,156,Gift_Exchange_Baseline,Experiment_End,15:27.3,1,,,72,9,,2,0,1,,,,,,0,1,30,3,-1,0,-185,0,,,1,0.3,0,Regular,0,2,68,1,1,,,,5.952904224395752,1756835449.0080066,1756835388.8121645,1,,,0,2.72,9.72,,,0,32,22,0,0,0,12,2,0,0,0,0,0,1,4,4,0,,0,0,0,0,0,7,8,nlzi66vh,,,,,0
10,2ra32lsz,,0,156,156,Gift_Exchange_Baseline,Experiment_End,15:27.4,1,,,127,10,,7,0,1,,,,,,0,1,35,1,-1,0,-185,0,,,1,0.3,0,Regular,0,7,120,1,1,,,,4.859411954879761,1756835449.0548706,1756835388.8590362,1,,,0,4.8,11.8,,,0,32,12,37,32,0,0,7,0,0,0,0,0,1,4,4,0,,0,0,0,0,0,7,8,nlzi66vh,,,,,0
1,anhaf2fl,,0,156,156,Gift_Exchange_Baseline,Experiment_End,15:26.9,1,,,356,1,Worker,17,0,0,,,,,,1,0,0,4,70,8,4,1,,-185,0,0,0.3,Regular,0,17,192,0,,17.734495639801025,17.968815088272095,0.23431944847106934,,1756835542.851699,1756835482.7259471,1,,,0,7.68,14.68,,,0,18,26,26,20,27,29,29,17,0,0,0,0,1,4,4,0,,0,0,0,0,0,8,9,nlzi66vh,,,,,0
2,d2p4krra,,0,156,156,Gift_Exchange_Baseline,Experiment_End,15:27.0,1,,,347,2,Firm,27,0,0,,,,,,1,0,0,3,35,10,3,1,,-185,0,0,0.3,Regular,0,27,245,0,,13.03170108795166,13.281643867492676,0.24994277954101562,,1756835542.7813647,1756835482.6790836,1,,,0,9.8,16.8,,,0,45,23,57,17,23,24,29,27,0,0,0,0,1,4,4,0,,0,0,0,0,0,8,9,nlzi66vh,,,,,0
3,dja4bowz,,0,156,156,Gift_Exchange_Baseline,Experiment_End,15:27.0,1,,,315,3,,29,0,0,,,,,,1,0,0,1,30,7,1,1,,-185,0,0,0.3,Regular,0,29,199,0,,3.6100993156433105,3.9229230880737305,0.3128237724304199,,1756835542.7651584,1756835482.6790836,1,,,0,7.96,14.96,,,0,15,23,26,23,27,27,29,29,0,0,0,0,1,4,4,0,,0,0,0,0,0,8,9,nlzi66vh,,,,,0
4,iup4sed3,,0,156,156,Gift_Exchange_Baseline,Experiment_End,15:27.0,1,,,300,4,,29,0,0,,,,,,1,0,0,2,30,5,2,1,,-185,0,0,0.3,Regular,0,29,184,0,,4.610656261444092,4.9074602127075195,0.29680395126342773,,1756835542.882421,1756835482.741568,1,,,0,7.36,14.36,,,0,20,20,18,21,23,26,27,29,0,0,0,0,1,4,4,0,,0,0,0,0,0,8,9,nlzi66vh,,,,,0
5,wnxhlvv3,,0,156,156,Gift_Exchange_Baseline,Experiment_End,15:27.0,1,,,73,5,,2,0,1,,,,,,0,1,30,2,-1,0,-185,0,,,1,0.3,0,Regular,0,2,67,1,1,,,,4.609914302825928,1756835543.0448275,1756835482.8509178,1,,,0,2.68,9.68,,,0,0,22,12,22,7,2,0,2,0,0,0,0,1,4,4,0,,0,0,0,0,0,8,9,nlzi66vh,,,,,0
6,6oa0k6nh,,0,156,156,Gift_Exchange_Baseline,Experiment_End,15:27.3,1,,,153,6,,0,0,1,,,,,,0,0,0,0,-1,0,-185,0,,,0,0,0,,0,0,142,0,,,,,,1756835542.9628358,1756835482.7884324,1,,,0,5.68,12.68,,,0,47,0,12,42,22,17,2,0,0,0,0,0,1,4,4,0,,0,0,0,0,0,8,9,nlzi66vh,,,,,0
7,4ouz7rkz,,0,156,156,Gift_Exchange_Baseline,Experiment_End,15:27.3,1,,,79,7,,2,0,1,,,,,,0,1,30,1,-1,0,-185,0,,,1,0.3,0,Regular,0,2,41,1,1,,,,3.3629322052001953,1756835542.8378317,1756835482.7103255,1,,,0,1.64,8.64,,,0,0,0,17,0,22,0,0,2,0,0,0,0,1,4,4,0,,0,0,0,0,0,8,9,nlzi66vh,,,,,0
8,tfzt7kx8,,0,156,156,Gift_Exchange_Baseline,Experiment_End,15:27.3,1,,,162,8,,42,0,1,,,,,,0,1,70,4,-1,0,-185,0,,,1,0.3,0,Regular,0,42,154,1,1,,,,3.2679789066314697,1756835542.979649,1756835482.8040535,1,,,0,6.16,13.16,,,0,37,32,0,27,7,7,2,42,0,0,0,0,1,4,4,0,,0,0,0,0,0,8,9,nlzi66vh,,,,,0
9,mkp1i2vj,,0,156,156,Gift_Exchange_Baseline,Experiment_End,15:27.3,1,,,72,9,,0,0,1,,,,,,0,0,0,0,-1,0,-185,0,,,0,0,0,,0,0,68,0,,,,,,1756835543.0035486,1756835482.835296,1,,,0,2.72,9.72,,,0,32,22,0,0,0,12,2,0,0,0,0,0,1,4,4,0,,0,0,0,0,0,8,9,nlzi66vh,,,,,0
10,2ra32lsz,,0,156,156,Gift_Exchange_Baseline,Experiment_End,15:27.4,1,,,127,10,,7,0,1,,,,,,0,1,35,3,-1,0,-185,0,,,1,0.3,0,Regular,0,7,127,1,1,,,,3.5752367973327637,1756835542.9231174,1756835482.772811,1,,,0,5.08,12.08,,,0,32,12,37,32,0,0,7,7,0,0,0,0,1,4,4,0,,0,0,0,0,0,8,9,nlzi66vh,,,,,0
1,anhaf2fl,,0,156,156,Gift_Exchange_Baseline,Experiment_End,15:26.9,1,,,356,1,Worker,29,0,0,,,,,,1,0,0,4,30,8,4,1,,-185,0,0,0.3,Regular,0,29,221,0,,5.750634670257568,5.8908045291900635,0.14016985893249512,,1756835635.1952062,1756835575.0918736,1,,,0,8.84,15.84,,,0,18,26,26,20,27,29,29,17,29,0,0,0,1,4,4,0,,0,0,0,0,0,9,10,nlzi66vh,,,,,0
2,d2p4krra,,0,156,156,Gift_Exchange_Baseline,Experiment_End,15:27.0,1,,,347,2,Firm,17,0,0,,,,,,1,0,0,1,70,7,1,1,,-185,0,0,0.3,Regular,0,17,262,0,,1.7972614765167236,2.109670400619507,0.3124089241027832,,1756835635.2212474,1756835575.1231158,1,,,0,10.48,17.48,,,0,45,23,57,17,23,24,29,27,17,0,0,0,1,4,4,0,,0,0,0,0,0,9,10,nlzi66vh,,,,,0
3,dja4bowz,,0,156,156,Gift_Exchange_Baseline,Experiment_End,15:27.0,1,,,315,3,,29,0,0,,,,,,1,0,0,2,30,6,2,1,,-185,0,0,0.3,Regular,0,29,228,0,,2.688080310821533,3.0161285400390625,0.3280482292175293,,1756835635.3216321,1756835575.1543584,1,,,0,9.12,16.12,,,0,15,23,26,23,27,27,29,29,29,0,0,0,1,4,4,0,,0,0,0,0,0,9,10,nlzi66vh,,,,,0
4,iup4sed3,,0,156,156,Gift_Exchange_Baseline,Experiment_End,15:27.0,1,,,300,4,,29,0,0,,,,,,1,0,0,3,30,5,3,1,,-185,0,0,0.3,Regular,0,29,213,0,,3.906541347503662,4.093573808670044,0.18703246116638184,,1756835635.3598354,1756835575.1699798,1,,,0,8.52,15.52,,,0,20,20,18,21,23,26,27,29,29,0,0,0,1,4,4,0,,0,0,0,0,0,9,10,nlzi66vh,,,,,0
5,wnxhlvv3,,0,156,156,Gift_Exchange_Baseline,Experiment_End,15:27.0,1,,,73,5,,2,0,1,,,,,,0,1,30,3,-1,0,-185,0,,,1,0.3,0,Regular,0,2,69,1,1,,,,4.264277935028076,1756835635.3783383,1756835575.2172668,1,,,0,2.76,9.76,,,0,0,22,12,22,7,2,0,2,2,0,0,0,1,4,4,0,,0,0,0,0,0,9,10,nlzi66vh,,,,,0
6,6oa0k6nh,,0,156,156,Gift_Exchange_Baseline,Experiment_End,15:27.3,1,,,153,6,,2,0,1,,,,,,0,1,30,2,-1,0,-185,0,,,1,0.3,0,Regular,0,2,144,1,1,,,,2.9409432411193848,1756835635.2440715,1756835575.1231158,1,,,0,5.76,12.76,,,0,47,0,12,42,22,17,2,0,2,0,0,0,1,4,4,0,,0,0,0,0,0,9,10,nlzi66vh,,,,,0
7,4ouz7rkz,,0,156,156,Gift_Exchange_Baseline,Experiment_End,15:27.3,1,,,79,7,,42,0,1,,,,,,0,1,70,1,-1,0,-185,0,,,1,0.3,0,Regular,0,42,83,1,1,,,,5.149537086486816,1756835635.4596071,1756835575.2328882,1,,,0,3.32,10.32,,,0,0,0,17,0,22,0,0,2,42,0,0,0,1,4,4,0,,0,0,0,0,0,9,10,nlzi66vh,,,,,0
8,tfzt7kx8,,0,156,156,Gift_Exchange_Baseline,Experiment_End,15:27.3,1,,,162,8,,2,0,1,,,,,,0,1,30,4,-1,0,-185,0,,,1,0.3,0,Regular,0,2,156,1,1,,,,1.934201717376709,1756835635.4781852,1756835575.2485096,1,,,0,6.24,13.24,,,0,37,32,0,27,7,7,2,42,2,0,0,0,1,4,4,0,,0,0,0,0,0,9,10,nlzi66vh,,,,,0
9,mkp1i2vj,,0,156,156,Gift_Exchange_Baseline,Experiment_End,15:27.3,1,,,72,9,,0,0,1,,,,,,0,0,0,0,-1,0,-185,0,,,0,0,0,,0,0,68,0,,,,,,1756835635.1401427,1756835575.0606296,1,,,0,2.72,9.72,,,0,32,22,0,0,0,12,2,0,0,0,0,0,1,4,4,0,,0,0,0,0,0,9,10,nlzi66vh,,,,,0
10,2ra32lsz,,0,156,156,Gift_Exchange_Baseline,Experiment_End,15:27.4,1,,,127,10,,0,0,1,,,,,,0,0,0,0,-1,0,-185,0,,,0,0,0,,0,0,127,0,,,,,,1756835635.405931,1756835575.2172668,1,,,0,5.08,12.08,,,0,32,12,37,32,0,0,7,7,0,0,0,0,1,4,4,0,,0,0,0,0,0,9,10,nlzi66vh,,,,,0
1,anhaf2fl,,0,156,156,Gift_Exchange_Baseline,Experiment_End,15:26.9,1,,,356,1,Worker,77,0,0,,,,,,1,0,0,4,30,7,4,1,,-185,0,0,0.8,Super,0,77,298,0,,9.580007314682007,9.936487197875977,0.3564798831939697,,1756835728.0905247,1756835667.9202898,1,,,0,11.92,18.92,,,0,18,26,26,20,27,29,29,17,29,77,0,0,1,4,4,0,,0,0,0,0,0,10,11,nlzi66vh,,,,,0
2,d2p4krra,,0,156,156,Gift_Exchange_Baseline,Experiment_End,15:27.0,1,,,347,2,Firm,27,0,0,,,,,,1,0,0,1,35,6,1,1,,-185,0,0,0.3,Regular,0,27,289,0,,1.6157317161560059,1.7830498218536377,0.16731810569763184,,1756835727.7649403,1756835667.6912856,1,,,0,11.56,18.56,,,0,45,23,57,17,23,24,29,27,17,27,0,0,1,4,4,0,,0,0,0,0,0,10,11,nlzi66vh,,,,,0
3,dja4bowz,,0,156,156,Gift_Exchange_Baseline,Experiment_End,15:27.0,1,,,315,3,,29,0,0,,,,,,1,0,0,2,30,5,2,1,,-185,0,0,0.3,Regular,0,29,257,0,,4.265041828155518,4.4523303508758545,0.18728852272033691,,1756835727.9126716,1756835667.7950826,1,,,0,10.28,17.28,,,0,15,23,26,23,27,27,29,29,29,29,0,0,1,4,4,0,,0,0,0,0,0,10,11,nlzi66vh,,,,,0
4,iup4sed3,,0,156,156,Gift_Exchange_Baseline,Experiment_End,15:27.0,1,,,300,4,,29,0,0,,,,,,1,0,0,3,30,8,3,1,,-185,0,0,0.3,Regular,0,29,242,0,,4.874000549316406,5.189569711685181,0.3155691623687744,,1756835727.890029,1756835667.782479,1,,,0,9.68,16.68,,,0,20,20,18,21,23,26,27,29,29,29,0,0,1,4,4,0,,0,0,0,0,0,10,11,nlzi66vh,,,,,0
5,wnxhlvv3,,0,156,156,Gift_Exchange_Baseline,Experiment_End,15:27.0,1,,,73,5,,2,0,1,,,,,,0,1,30,2,-1,0,-185,0,,,1,0.3,0,Regular,0,2,71,1,1,,,,2.484398603439331,1756835728.0635607,1756835667.9074562,1,,,0,2.84,9.84,,,0,0,22,12,22,7,2,0,2,2,2,0,0,1,4,4,0,,0,0,0,0,0,10,11,nlzi66vh,,,,,0
6,6oa0k6nh,,0,156,156,Gift_Exchange_Baseline,Experiment_End,15:27.3,1,,,153,6,,7,0,1,,,,,,0,1,35,1,-1,0,-185,0,,,1,0.3,0,Regular,0,7,151,1,1,,,,5.177000999450684,1756835727.972915,1756835667.810196,1,,,0,6.04,13.04,,,0,47,0,12,42,22,17,2,0,2,7,0,0,1,4,4,0,,0,0,0,0,0,10,11,nlzi66vh,,,,,0
7,4ouz7rkz,,0,156,156,Gift_Exchange_Baseline,Experiment_End,15:27.3,1,,,79,7,,-8,0,1,,,,,,0,1,30,4,-1,0,-185,0,,,1,0.8,0,Super,0,-8,75,1,1,,,,3.2815680503845215,1756835728.008486,1756835667.860125,1,,,0,3,10,,,0,0,0,17,0,22,0,0,2,42,-8,0,0,1,4,4,0,,0,0,0,0,0,10,11,nlzi66vh,,,,,0
8,tfzt7kx8,,0,156,156,Gift_Exchange_Baseline,Experiment_End,15:27.3,1,,,162,8,,2,0,1,,,,,,0,1,30,3,-1,0,-185,0,,,1,0.3,0,Regular,0,2,158,1,1,,,,2.096163272857666,1756835728.0370839,1756835667.8897774,1,,,0,6.32,13.32,,,0,37,32,0,27,7,7,2,42,2,2,0,0,1,4,4,0,,0,0,0,0,0,10,11,nlzi66vh,,,,,0
9,mkp1i2vj,,0,156,156,Gift_Exchange_Baseline,Experiment_End,15:27.3,1,,,72,9,,0,0,1,,,,,,0,0,0,0,-1,0,-185,0,,,0,0,0,,0,0,68,0,,,,,,1756835727.8113353,1756835667.7197225,1,,,0,2.72,9.72,,,0,32,22,0,0,0,12,2,0,0,0,0,0,1,4,4,0,,0,0,0,0,0,10,11,nlzi66vh,,,,,0
10,2ra32lsz,,0,156,156,Gift_Exchange_Baseline,Experiment_End,15:27.4,1,,,127,10,,0,0,1,,,,,,0,0,0,0,-1,0,-185,0,,,0,0,0,,0,0,127,0,,,,,,1756835727.826036,1756835667.7336624,1,,,0,5.08,12.08,,,0,32,12,37,32,0,0,7,7,0,0,0,0,1,4,4,0,,0,0,0,0,0,10,11,nlzi66vh,,,,,0
1,anhaf2fl,,0,156,156,Gift_Exchange_Baseline,Experiment_End,15:26.9,1,,,356,1,Worker,29,0,0,,,,,,1,0,0,4,30,7,4,1,,-185,0,0,0.3,Regular,0,29,327,0,,18.103617906570435,18.25800872,0.15439081192016602,,1756835821.1867573,1756835761.125302,1,,,0,13.08,20.08,,,0,18,26,26,20,27,29,29,17,29,77,29,0,1,4,4,0,,0,0,0,0,0,11,12,nlzi66vh,,,,,0
2,d2p4krra,,0,156,156,Gift_Exchange_Baseline,Experiment_End,15:27.0,1,,,347,2,Firm,29,0,0,,,,,,1,0,0,1,30,8,1,1,,-185,0,0,0.3,Regular,0,29,318,0,,2.1382720470428467,2.439814567565918,0.3015425205230713,,1756835821.264864,1756835761.198355,1,,,0,12.72,19.72,,,0,45,23,57,17,23,24,29,27,17,27,29,0,1,4,4,0,,0,0,0,0,0,11,12,nlzi66vh,,,,,0
3,dja4bowz,,0,156,156,Gift_Exchange_Baseline,Experiment_End,15:27.0,1,,,315,3,,29,0,0,,,,,,1,0,0,3,30,9,3,1,,-185,0,0,0.3,Regular,0,29,286,0,,3.7734086513519287,3.886361598968506,0.11295294761657715,,1756835821.3117275,1756835761.2438347,1,,,0,11.44,18.44,,,0,15,23,26,23,27,27,29,29,29,29,29,0,1,4,4,0,,0,0,0,0,0,11,12,nlzi66vh,,,,,0
4,iup4sed3,,0,156,156,Gift_Exchange_Baseline,Experiment_End,15:27.0,1,,,300,4,,29,0,0,,,,,,1,0,0,2,30,5,2,1,,-185,0,0,0.3,Regular,0,29,271,0,,3.0215559005737305,3.26802659,0.24647068977355957,,1756835821.3585925,1756835761.2707944,1,,,0,10.84,17.84,,,0,20,20,18,21,23,26,27,29,29,29,29,0,1,4,4,0,,0,0,0,0,0,11,12,nlzi66vh,,,,,0
5,wnxhlvv3,,0,156,156,Gift_Exchange_Baseline,Experiment_End,15:27.0,1,,,73,5,,2,0,1,,,,,,0,1,30,2,-1,0,-185,0,,,1,0.3,0,Regular,0,2,73,1,1,,,,3.3288164138793945,1756835821.483563,1756835761.3695173,1,,,0,2.92,9.92,,,0,0,22,12,22,7,2,0,2,2,2,2,0,1,4,4,0,,0,0,0,0,0,11,12,nlzi66vh,,,,,0
6,6oa0k6nh,,0,156,156,Gift_Exchange_Baseline,Experiment_End,15:27.3,1,,,153,6,,0,0,1,,,,,,0,0,0,0,-1,0,-185,0,,,0,0,0,,0,0,151,0,,,,,,1756835821.4054558,1756835761.3083518,1,,,0,6.04,13.04,,,0,47,0,12,42,22,17,2,0,2,7,0,0,1,4,4,0,,0,0,0,0,0,11,12,nlzi66vh,,,,,0
7,4ouz7rkz,,0,156,156,Gift_Exchange_Baseline,Experiment_End,15:27.3,1,,,79,7,,2,0,1,,,,,,0,1,30,4,-1,0,-185,0,,,1,0.3,0,Regular,0,2,77,1,1,,,,3.1719250679016113,1756835821.4523191,1756835761.3458216,1,,,0,3.08,10.08,,,0,0,0,17,0,22,0,0,2,42,-8,2,0,1,4,4,0,,0,0,0,0,0,11,12,nlzi66vh,,,,,0
8,tfzt7kx8,,0,156,156,Gift_Exchange_Baseline,Experiment_End,15:27.3,1,,,162,8,,2,0,1,,,,,,0,1,30,1,-1,0,-185,0,,,1,0.3,0,Regular,0,2,160,1,1,,,,2.843876600265503,1756835821.1555161,1756835761.088855,1,,,0,6.4,13.4,,,0,37,32,0,27,7,7,2,42,2,2,2,0,1,4,4,0,,0,0,0,0,0,11,12,nlzi66vh,,,,,0
9,mkp1i2vj,,0,156,156,Gift_Exchange_Baseline,Experiment_End,15:27.3,1,,,72,9,,2,0,1,,,,,,0,1,30,3,-1,0,-185,0,,,1,0.3,0,Regular,0,2,70,1,1,,,,3.703728437423706,1756835821.3898344,1756835761.298379,1,,,0,2.8,9.8,,,0,32,22,0,0,0,12,2,0,0,0,2,0,1,4,4,0,,0,0,0,0,0,11,12,nlzi66vh,,,,,0
10,2ra32lsz,,0,156,156,Gift_Exchange_Baseline,Experiment_End,15:27.4,1,,,127,10,,0,0,1,,,,,,0,0,0,0,-1,0,-185,0,,,0,0,0,,0,0,127,0,,,,,,1756835821.467941,1756835761.357789,1,,,0,5.08,12.08,,,0,32,12,37,32,0,0,7,7,0,0,0,0,1,4,4,0,,0,0,0,0,0,11,12,nlzi66vh,,,,,0
1,anhaf2fl,,0,156,156,Gift_Exchange_Baseline,Experiment_End,15:26.9,1,,,356,1,Worker,29,0,0,,,,,,1,0,0,4,30,8,4,1,,-185,0,0,0.3,Regular,0,29,356,0,,7.859512090682983,7.961268186569214,0.10175609588623047,,1756835912.9238796,1756835852.859036,1,,,0,14.24,21.24,,,0,18,26,26,20,27,29,29,17,29,77,29,29,1,4,4,0,,0,0,0,0,0,12,13,nlzi66vh,,,,,0
2,d2p4krra,,0,156,156,Gift_Exchange_Baseline,Experiment_End,15:27.0,1,,,347,2,Firm,29,0,0,,,,,,1,0,0,2,30,6,2,1,,-185,0,0,0.3,Regular,0,29,347,0,,3.430147409439087,3.769000291824341,0.3388528823852539,,1756835913.0488489,1756835852.955761,1,,,0,13.88,20.88,,,0,45,23,57,17,23,24,29,27,17,27,29,29,1,4,4,0,,0,0,0,0,0,12,13,nlzi66vh,,,,,0
3,dja4bowz,,0,156,156,Gift_Exchange_Baseline,Experiment_End,15:27.0,1,,,315,3,,29,0,0,,,,,,1,0,0,1,30,7,1,1,,-185,0,0,0.3,Regular,0,29,315,0,,2.1865296363830566,2.375556707382202,0.1890270709991455,,1756835913.0332277,1756835852.9435863,1,,,0,12.6,19.6,,,0,15,23,26,23,27,27,29,29,29,29,29,29,1,4,4,0,,0,0,0,0,0,12,13,nlzi66vh,,,,,0
4,iup4sed3,,0,156,156,Gift_Exchange_Baseline,Experiment_End,15:27.0,1,,,300,4,,29,0,0,,,,,,1,0,0,3,30,9,3,1,,-185,0,0,0.3,Regular,0,29,300,0,,4.845597267150879,4.906999349594116,0.061402082443237305,,1756835913.111334,1756835852.966643,1,,,0,12,19,,,0,20,20,18,21,23,26,27,29,29,29,29,29,1,4,4,0,,0,0,0,0,0,12,13,nlzi66vh,,,,,0
5,wnxhlvv3,,0,156,156,Gift_Exchange_Baseline,Experiment_End,15:27.0,1,,,73,5,,0,0,1,,,,,,0,0,0,0,-1,0,-185,0,,,0,0,0,,0,0,73,0,,,,,,1756835913.1425765,1756835853.0333009,1,,,0,2.92,9.92,,,0,0,22,12,22,7,2,0,2,2,2,2,0,1,4,4,0,,0,0,0,0,0,12,13,nlzi66vh,,,,,0
6,6oa0k6nh,,0,156,156,Gift_Exchange_Baseline,Experiment_End,15:27.3,1,,,153,6,,2,0,1,,,,,,0,1,30,2,-1,0,-185,0,,,1,0.3,0,Regular,0,2,153,1,1,,,,4.983979702,1756835913.0019848,1756835852.905785,1,,,0,6.12,13.12,,,0,47,0,12,42,22,17,2,0,2,7,0,2,1,4,4,0,,0,0,0,0,0,12,13,nlzi66vh,,,,,0
7,4ouz7rkz,,0,156,156,Gift_Exchange_Baseline,Experiment_End,15:27.3,1,,,79,7,,2,0,1,,,,,,0,1,30,1,-1,0,-185,0,,,1,0.3,0,Regular,0,2,79,1,1,,,,2.6556191444396973,1756835913.2206833,1756835853.0720737,1,,,0,3.16,10.16,,,0,0,0,17,0,22,0,0,2,42,-8,2,2,1,4,4,0,,0,0,0,0,0,12,13,nlzi66vh,,,,,0
8,tfzt7kx8,,0,156,156,Gift_Exchange_Baseline,Experiment_End,15:27.3,1,,,162,8,,2,0,1,,,,,,0,1,30,4,-1,0,-185,0,,,1,0.3,0,Regular,0,2,162,1,1,,,,2.3744375705718994,1756835913.1738188,1756835853.0457525,1,,,0,6.48,13.48,,,0,37,32,0,27,7,7,2,42,2,2,2,2,1,4,4,0,,0,0,0,0,0,12,13,nlzi66vh,,,,,0
9,mkp1i2vj,,0,156,156,Gift_Exchange_Baseline,Experiment_End,15:27.3,1,,,72,9,,2,0,1,,,,,,0,1,30,3,-1,0,-185,0,,,1,0.3,0,Regular,0,2,72,1,1,,,,4.546192884,1756835913.1269555,1756835853.0065088,1,,,0,2.88,9.88,,,0,32,22,0,0,0,12,2,0,0,0,2,2,1,4,4,0,,0,0,0,0,0,12,13,nlzi66vh,,,,,0
10,2ra32lsz,,0,156,156,Gift_Exchange_Baseline,Experiment_End,15:27.4,1,,,127,10,,0,0,1,,,,,,0,0,0,0,-1,0,-185,0,,,0,0,0,,0,0,127,0,,,,,,1756835912.9707425,1756835852.8949265,1,,,0,5.08,12.08,,,0,32,12,37,32,0,0,7,7,0,0,0,0,1,4,4,0,,0,0,0,0,0,12,13,nlzi66vh,,,,,0
